{
   "Bug": 0.0,
   "Bug_Dark": 0.5839942421081945,
   "Bug_Dragon": 0.3829485518720854,
   "Bug_Electric": 0.6483664348522812,
   "Bug_Fairy": 0.3431438458870419,
   "Bug_Fighting": 0.3314608743238214,
   "Bug_Fire": 0.5281351634453763,
   "Bug_Flying": 0.28964275646361726,
   "Bug_Ghost": 0.5344131926084729,
   "Bug_Grass": 0.19401434775285537,
   "Bug_Ground": 0.6857214048500657,
   "Bug_Ice": 0.19340807956021275,
   "Bug_Normal": 0.32412279208961314,
   "Bug_Poison": 0.3076260242218763,
   "Bug_Psychic": 0.3899763296019668,
   "Bug_Rock": 0.3885478681135296,
   "Bug_Steel": 0.5236098017588044,
   "Bug_Water": 0.7855120732537924,
   "Dark": 0.4804803363457828,
   "Dark_Dragon": 0.6404345219998884,
   "Dark_Electric": 0.8020086296225667,
   "Dark_Fairy": 0.6790769175977559,
   "Dark_Fighting": 0.703904204112466,
   "Dark_Fire": 0.7971310484448545,
   "Dark_Flying": 0.623686323452041,
   "Dark_Ghost": 0.4860859422336145,
   "Dark_Grass": 0.7728797581251546,
   "Dark_Ground": 0.8728326862667551,
   "Dark_Ice": 0.6041209115697699,
   "Dark_Normal": 0.5428633895433401,
   "Dark_Poison": 0.6549852815325001,
   "Dark_Psychic": 0.4623696064230015,
   "Dark_Rock": 0.6889019201812777,
   "Dark_Steel": 0.91156366762475,
   "Dark_Water": 0.9139181689446616,
   "Dragon": 0.33474720672706343,
   "Dragon_Electric": 0.7402021345942079,
   "Dragon_Fairy": 0.5554956892416868,
   "Dragon_Fighting": 0.6310410307056707,
   "Dragon_Fire": 0.6624372504324374,
   "Dragon_Flying": 0.4375446729965155,
   "Dragon_Ghost": 0.6325877649805542,
   "Dragon_Grass": 0.48155346977392305,
   "Dragon_Ground": 0.7538630025216971,
   "Dragon_Ice": 0.3872917322417113,
   "Dragon_Normal": 0.46642052751510443,
   "Dragon_Poison": 0.49949776363423387,
   "Dragon_Psychic": 0.4650957822830549,
   "Dragon_Rock": 0.49966545608341617,
   "Dragon_Steel": 0.7284365753889037,
   "Dragon_Water": 0.7468780673097063,
   "Electric": 0.45500197922404123,
   "Electric_Fairy": 0.7409370649217067,
   "Electric_Fighting": 0.8315615082620414,
   "Electric_Fire": 0.6855187678079105,
   "Electric_Flying": 0.6651568977605132,
   "Electric_Ghost": 0.7316175124589173,
   "Electric_Grass": 0.6431532109441871,
   "Electric_Ground": 0.9055584501937282,
   "Electric_Ice": 0.5958010020236163,
   "Electric_Normal": 0.6874449232811479,
   "Electric_Poison": 0.6191364841081185,
   "Electric_Psychic": 0.6861201780490983,
   "Electric_Rock": 0.5296689165907413,
   "Electric_Steel": 0.8270377860660705,
   "Electric_Water": 0.814653440088041,
   "Fairy": 0.32324416714399706,
   "Fairy_Fighting": 0.6732265235753935,
   "Fairy_Fire": 0.6889246767677362,
   "Fairy_Flying": 0.4718249358389605,
   "Fairy_Ghost": 0.5954057397485444,
   "Fairy_Grass": 0.48970459783872894,
   "Fairy_Ground": 0.8493306510546246,
   "Fairy_Ice": 0.26344418630536226,
   "Fairy_Normal": 0.4839800524371323,
   "Fairy_Poison": 0.48461171025969524,
   "Fairy_Psychic": 0.42977354428663195,
   "Fairy_Rock": 0.47487185430504075,
   "Fairy_Steel": 0.6871768350761183,
   "Fairy_Water": 0.8528466042438018,
   "Fighting": 0.33824834227591066,
   "Fighting_Fire": 0.733152454339556,
   "Fighting_Flying": 0.6668560884143488,
   "Fighting_Ghost": 0.700226682255542,
   "Fighting_Grass": 0.6262730803020056,
   "Fighting_Ground": 0.7034962658131356,
   "Fighting_Ice": 0.6601718082458468,
   "Fighting_Normal": 0.6013617397093574,
   "Fighting_Poison": 0.5736626089639957,
   "Fighting_Psychic": 0.6055420352888706,
   "Fighting_Rock": 0.7577863151803542,
   "Fighting_Steel": 0.8749433175912099,
   "Fighting_Water": 0.9322989546971218,
   "Fire": 0.38987905227188024,
   "Fire_Flying": 0.6092296309037835,
   "Fire_Ghost": 0.7586360440476289,
   "Fire_Grass": 0.6119310404376502,
   "Fire_Ground": 0.7815335606537475,
   "Fire_Ice": 0.4037174836048766,
   "Fire_Normal": 0.649651041486586,
   "Fire_Poison": 0.6013373391776965,
   "Fire_Psychic": 0.7131387096378101,
   "Fire_Rock": 0.5812521168820382,
   "Fire_Steel": 0.641207187715178,
   "Fire_Water": 0.6897211525477253,
   "Flying": 0.2433922735767783,
   "Flying_Ghost": 0.5450707149395352,
   "Flying_Grass": 0.4546861357424844,
   "Flying_Ground": 0.7282078242570466,
   "Flying_Ice": 0.32161747754503706,
   "Flying_Normal": 0.3223155554396681,
   "Flying_Poison": 0.3992027479975183,
   "Flying_Psychic": 0.3606816898428299,
   "Flying_Rock": 0.5261777492449691,
   "Flying_Steel": 0.6968716905456974,
   "Flying_Water": 0.7653672067349649,
   "Ghost": 0.4218003847212582,
   "Ghost_Grass": 0.6837318113267123,
   "Ghost_Ground": 0.7744271716141071,
   "Ghost_Ice": 0.568241013705153,
   "Ghost_Normal": 0.5828623787054683,
   "Ghost_Poison": 0.5707193631617431,
   "Ghost_Psychic": 0.3494097811537979,
   "Ghost_Rock": 0.6424917848453274,
   "Ghost_Steel": 0.8908339675941432,
   "Ghost_Water": 0.8435270517810121,
   "Grass": 0.23592486709074448,
   "Grass_Ground": 0.6960273958594771,
   "Grass_Ice": 0.3353007107395297,
   "Grass_Normal": 0.5363214034960553,
   "Grass_Poison": 0.509214876823372,
   "Grass_Psychic": 0.5349966582640058,
   "Grass_Rock": 0.5059847181844994,
   "Grass_Steel": 0.6505544354168777,
   "Grass_Water": 0.6873584891656889,
   "Ground": 0.6284536213648816,
   "Ground_Ice": 0.7230430459734936,
   "Ground_Normal": 0.7582689799253365,
   "Ground_Poison": 0.7957752066116389,
   "Ground_Psychic": 0.7310522783959741,
   "Ground_Rock": 0.7365406500658638,
   "Ground_Steel": 1.0,
   "Ground_Water": 0.9196989503933978,
   "Ice": 0.1675727395782371,
   "Ice_Normal": 0.36756255694067064,
   "Ice_Poison": 0.4455425088988257,
   "Ice_Psychic": 0.3791189434223902,
   "Ice_Rock": 0.2991219872902185,
   "Ice_Steel": 0.4164469312746641,
   "Ice_Water": 0.5827115617608845,
   "Normal": 0.18581613739112593,
   "Normal_Poison": 0.3021838901933353,
   "Normal_Psychic": 0.3937403084227054,
   "Normal_Rock": 0.48137812456496226,
   "Normal_Steel": 0.7319702755917116,
   "Normal_Water": 0.7993544626032428,
   "Poison": 0.13534589453489448,
   "Poison_Psychic": 0.4173130163950025,
   "Poison_Rock": 0.3968275809309078,
   "Poison_Steel": 0.6082377143370581,
   "Poison_Water": 0.8648750867785436,
   "Psychic": 0.23092726548555081,
   "Psychic_Rock": 0.4929345110466819,
   "Psychic_Steel": 0.7203215260686708,
   "Psychic_Water": 0.7980297173711932,
   "Rock": 0.35332411735970926,
   "Rock_Steel": 0.5920699541499254,
   "Rock_Water": 0.7248374098551155,
   "Steel": 0.5192255866486736,
   "Steel_Water": 0.9220391866886416,
   "Water": 0.6162118108598571
}