{
    "attack": {
        "-6": 0.25,
        "-5": 0.2857142857142857,
        "-4": 0.33,
        "-3": 0.4,
        "-2": 0.5,
        "-1": 0.75,
        "0": 1.0,
        "1": 1.5,
        "2": 2.0,
        "3": 2.5,
        "4": 3.0,
        "5": 3.5,
        "6": 4.0
    },
    "defense": {
        "-6": 0.25,
        "-5": 0.2857142857142857,
        "-4": 0.33,
        "-3": 0.4,
        "-2": 0.5,
        "-1": 0.75,
        "0": 1.0,
        "1": 1.5,
        "2": 2.0,
        "3": 2.5,
        "4": 3.0,
        "5": 3.5,
        "6": 4.0
    },
    "special attack": {
        "-6": 0.25,
        "-5": 0.2857142857142857,
        "-4": 0.33,
        "-3": 0.4,
        "-2": 0.5,
        "-1": 0.75,
        "0": 1.0,
        "1": 1.5,
        "2": 2.0,
        "3": 2.5,
        "4": 3.0,
        "5": 3.5,
        "6": 4.0
    },
    "special defense": {
        "-6": 0.25,
        "-5": 0.2857142857142857,
        "-4": 0.33,
        "-3": 0.4,
        "-2": 0.5,
        "-1": 0.75,
        "0": 1.0,
        "1": 1.5,
        "2": 2.0,
        "3": 2.5,
        "4": 3.0,
        "5": 3.5,
        "6": 4.0
    },
    "speed": {
        "-6": 0.25,
        "-5": 0.2857142857142857,
        "-4": 0.33,
        "-3": 0.4,
        "-2": 0.5,
        "-1": 0.75,
        "0": 1.0,
        "1": 1.5,
        "2": 2.0,
        "3": 2.5,
        "4": 3.0,
        "5": 3.5,
        "6": 4.0
    },
    "accuracy": {
        "-6": 0.33,
        "-5": 0.36,
        "-4": 0.43,
        "-3": 0.5,
        "-2": 0.6,
        "-1": 0.75,
        "0": 1.0,
        "1": 1.33,
        "2": 1.66,
        "3": 2.0,
        "4": 2.5,
        "5": 2.66,
        "6": 3.0
    },
    "evasion": {
        "6": 0.33,
        "5": 0.36,
        "4": 0.43,
        "3": 0.5,
        "2": 0.6,
        "1": 0.75,
        "0": 1.0,
        "-1": 1.33,
        "-2": 1.66,
        "-3": 2.0,
        "-4": 2.5,
        "-5": 2.66,
        "-6": 3.0
    }
}